formula,target
Ag0.1Cd0.8In2.1Te4,0.29
Ag0.25Cd0.5In2.25Te4,0.39
Ag0.2Cd0.75In2.1Te4,0.54
Ag0.4Cd0.2In2.4Te4,0.42
Ag0.4Cd0.5In2.2Te4,0.19
Ag0.5Eu1.75GeS4,2.14
Ag0.5Pb1.75GeS4,1.83
Ag0.5Pb1.75GeSe4,1.51
Ag1.75InSb5.75Se11,0.94
Ag2.7Ba6Sn4.3S16,1.48
Ag2CdGeS4,2.32
Ag2CdP2S6,2.49
Ag2Ga2SiS6,2.35
Ag2GeS3,1.98
Ag2GeSe3,0.905
Ag2GeTe3,0.16
Ag2HgI4,2.47
Ag2MoI4O14,3.06
Ag2NbP2S8,2.02
Ag2O,1.5324
Ag2PdO2,0.18
Ag2S,1.0325
Ag2SnS3,1.3533333330000001
Ag2SnSe3,0.783333333
Ag2V2I4O16,2.24
Ag2VI3O11,2.16
Ag2ZnSiS4,3.28
Ag3AsS3,2.07225
Ag3AsSe3,2.088428571
Ag3Ga3SiSe8,2.3
Ag3SbS3,2.048083333
Ag4Ba6Sn4S16,2.37
Ag5IO6,1.4
Ag7AsS6,1.0
Ag7AsSe6,1.0
Ag8GeS6,1.18
Ag8SnSe6,0.71
AgAlO2,3.6
AgAlS2,3.13
AgAlSe2,2.55
AgAlTe2,1.85
AgAsS2,2.2
AgAsSe2,1.4
AgAsTe2,0.8
AgBiP2S6,1.7
AgBiP2Se6,1.4
AgBiS2,0.9
AgBiSe2,0.34
AgBr,2.52
AgCd3PS6,2.56
AgCl,5.13
AgF,2.8
AgFeSe2,0.23
AgFeTe2,0.3675
AgGaGe3Se8,2.17
AgGaGe5Se12,2.14
AgGaGeS4,3.0
AgGaO2,2.2
AgGaS2,2.655
AgGaSe2,1.6738333330000001
AgGaSiSe4,2.63
AgGaTe2,1.1
AgI,2.9321833330000002
AgIn3Te5,0.68
AgIn5S8,1.76
AgIn5Te8,0.47
AgIn9Te14,1.5
AgInCd2Te3,0.47
AgInO2,4.2
AgInS2,1.9266666669999999
AgInSe2,1.1828571429999999
AgInTe2,0.945
AgLi0.33Sn0.67O2,2.7
AgLi0.33Ti0.67O2,2.7
AgN3,3.67
AgNb2PS10,1.78
AgO,1.57
AgP15,1.47
AgPbBiS3,1.2
AgPbBiSe3,0.13
AgPdI3O9,1.5
AgS,1.1414285709999998
AgSO4,0.18
AgSbS2,1.9233333330000002
AgSbSe2,0.6920000000000001
AgSbTe2,0.47666666700000004
AgScO2,3.8
AgScP2Se6,1.55
AgTe,0.79
AgTlSe2,0.72
AgTlTe2,0.1
Al0.74Gd3Si0.7S7,2.34
Al2S3,4.1
Al2Se3,3.125
Al2Te3,2.35
AlB12,2.14
AlBi,0.4
AlN,6.1
AlP,2.796818182
AlSb,1.6518
AlVTe2O8,2.9
As2B12,1.51
As2O3,4.0
As2S3,2.4163333330000003
As2S5,2.48
As2S6,2.35
As2Se3,1.785714286
As2Te3,1.67375
As4S4,2.4
AsBr3,2.6
AsI3,2.433333333
AsNMg3,1.3319999999999999
AsSI,2.05
AsSb,1.6
AsSeI,1.76
AsTe,0.74
B12P2,3.3
B2O3,4.895
B4C,1.64
B6P,3.3
BAs,1.455
BP,4.2
BSb,2.6
Ba1.88Ta15O32,0.13
Ba12In4S19,2.56
Ba23Ga8Sb2S38,2.84
Ba2AgInS4,2.32
Ba2AsGaSe5,1.39
Ba2B4O9H2,5.12
Ba2B6O11,5.17
Ba2B6O9(OH)4,6.53
Ba2BiGaS5,2.38
Ba2BiInS5,1.55
Ba2Ca2B4O10,5.6
Ba2CdB6O12,4.59
Ba2Cu2ThSe5,1.75
Ba2Ga8GeS16,3.0
Ba2Ga8SiS16,3.4
Ba2GaBiSe5,2.21
Ba2GaBiTe5,1.43
Ba2GaDySe5,2.35
Ba2GaDyTe5,1.13
Ba2GaErSe5,1.95
Ba2GaErTe5,1.15
Ba2GaGdSe5,1.87
Ba2GaGdTe5,1.12
Ba2GaNdSe5,2.18
Ba2GaSbSe5,2.51
Ba2GaSbTe5,1.66
Ba2GaSmSe5,2.27
Ba2GaSmTe5,1.04
Ba2GaYSe5,2.31
Ba2GaYTe5,1.08
Ba2HgS5,2.4
Ba2In2S5,2.47
Ba2In2Se5,2.12
Ba2InCeTe5,1.35
Ba2InDySe5,2.27
Ba2InDyTe5,1.35
Ba2InErSe5,2.29
Ba2InErTe5,1.35
Ba2InGdSe5,2.24
Ba2InGdTe5,1.36
Ba2InNdSe5,2.2
Ba2InNdTe5,1.37
Ba2InSbSe5,1.92
Ba2InSmSe5,2.22
Ba2InSmTe5,1.36
Ba2InTaO6,4.17
Ba2InYSe5,2.31
Ba2InYTe5,1.36
Ba2NdGaS5,2.12
Ba2Sb7O14H,2.7
Ba2ScTaO6,4.19
Ba2SmTaO6,3.02
Ba2SnSe4,1.9
Ba2SnSe5,1.8
Ba2V2Te2O11,3.16
Ba2V4Te3O18,2.64
Ba2ZnSe3,2.75
Ba2ZnTe3,2.1
Ba2ZnV2O8,3.48
Ba3B1.5S6Bi0.5,2.43
Ba3B1.5S6Sb0.5,3.01
Ba3BSbS6,2.62
Ba3BSbSe6,1.89
Ba3Bi2TeO9,2.3
Ba3CdSn2S8,2.75
Ba3Dy2P4S16,3.28
Ba3Er2P4S16,3.3
Ba3EuP3O12,4.091
Ba3FeS4Br,1.65
Ba3Gd2P4S16,3.41
Ba3GeS5,3.0
Ba3Ho2P4S16,3.3
Ba3In2P4O16,3.87
Ba3InS4Cl,3.42
Ba3La3Cu6O14,1.8
Ba3MgTa2O9,4.28
Ba3Nb2Se9,1.3
Ba3P3O10Cl,6.89
Ba3Sb2S7,2.4
Ba3Sn0.87Bi2.13Se8,0.79
Ba3SnSb2Se8,0.97
Ba3Ta2Se9,1.6
Ba3Ta5O14N,2.8
Ba3Tb2P4S16,3.37
Ba3ThSe7,1.96
Ba3V2Se4O16,2.87
Ba3ZnTa2O9,4.32
Ba4AgGa5S12,2.52
Ba4AgInSe6,2.41
Ba4B11O20F,7.1
Ba4CuGa5S12,2.82
Ba4CuGa5Se12,1.45
Ba4CuInSe6,2.23
Ba4Ga2S8,2.55
Ba4Ga2Se8,1.63
Ba4Ga4GeSe12,2.18
Ba4Ga4SnSe12,2.16
Ba4Ge3S9Cl2,2.91
Ba4Ge3Se9Cl2,1.89
Ba4LiGa5Se12,2.65
Ba4Sb3S8Cl,2.09
Ba4Si3Se9Cl2,1.76
Ba5CdGa6Se15,2.6
Ba5Ga2Se8,2.51
Ba5Ga4Se10,2.2
Ba5Ga6GeP12,1.39
Ba5Ga6SnP12,1.21
Ba5In4Te4S7,2.13
Ba5V3O12F,3.85
Ba6Al4B14O33,3.44
Ba6Ga2SnSe11,1.99
Ba6Sn6Se13,1.52
Ba7AgGa5S15,2.6
Ba7B3O9F5,4.94
Ba7Sn5S15,2.29
Ba8Al10B12O41,3.1
Ba8Ga10Si36,0.31
Ba8Hg4S5Se7,1.98
Ba8Sn4S15,2.31
BaAgSbS3,2.2
BaAl4Se7,3.4
BaAuI5O15,2.32
BaB2O4,6.443333332999999
BaB6,2.64
BaBiO2Cl,3.71
BaCdSnS4,2.3
BaClBF4,6.89
BaCu2SnSe4,0.48
BaCuSbS3,2.0
BaCuSbSe3,1.6
BaCuTeF,2.3
BaF2,9.1425
BaGa2GeS6,3.245
BaGa2GeSe6,2.515
BaGa2S4,4.125
BaGa2Se4,3.1630000000000003
BaGa2SiS6,3.75
BaGa2SiSe6,2.88
BaGa2SnSe6,1.775
BaGa4S7,3.54
BaGa4Se7,2.64
BaGe2,1.0
BaHgS2,1.93
BaHgSe2,1.56
BaIn2P4O14,3.97
BaIn2S4,3.057
BaIn2Se4,2.625
BaIr2Ge4S6,1.5390000000000001
BaIr2Ge4Se6,1.3319999999999999
BaLa2In2S7,1.87
BaLa2In2Se7,1.66
BaO,4.8
BaPdI4O12,1.97
BaPdSe6,2.15
BaPrO3,2.0
BaReH9,3.44
BaRh2Ge4Se6,1.089
BaS,3.89
BaSbBS4,2.34
BaSe,3.626666667
BaSi2,1.3
BaSn2S5,2.35
BaSnO3,3.1
BaTaO2N,1.78
BaTe,3.4
BaTeMo2O9,3.12
BaTiO3,3.057
BaUSe3,1.0
BaV2SeO8,2.13
BaZn2As2,0.23
BaZnGeSe4,2.46
BaZnOS,3.9
BaZnSiSe4,2.71
Be3N2,3.8
Be3Sb2,0.67
BeO,10.39
BeS,4.17
BeSe,4.0
BeTe,2.89
Bi0.2Te3Sb1.8,0.28
Bi0.4Te3Sb1.6,0.20800000000000002
Bi0.6Te3Sb1.4,0.19699999999999998
Bi1.4Te3Sb0.6,0.16699999999999998
Bi1.6Te3Sb0.4,0.161
Bi1.8Te3Sb0.2,0.15
Bi1.98Te3Sb0.02,0.14300000000000002
Bi12GeO20,3.25
Bi12PO20,3.25
Bi12SiO20,3.225
Bi12TiO20,3.09
Bi14.7In11.3S38,1.45
Bi1Te3Sb1,0.187
Bi24BO39,2.91
Bi24VO41,3.25
Bi25FeO39,2.8
Bi25GaO39,2.99
Bi25TiO39,3.1
Bi2AsO4Cl,3.43
Bi2CrI2O11,2.4
Bi2Cu0.96Se3I,0.68
Bi2I4O13,3.3
Bi2Mo2Se2O13,3.15
Bi2Mo3O12,2.9
Bi2O2CO3,3.42
Bi2O3,2.855
Bi2S3,1.32
Bi2SI2O11,3.74
Bi2Se3,0.375
Bi2SeI2O11,3.7
Bi2Te0.03Se2.97,0.27
Bi2Te0.1Se2.9,0.78
Bi2Te0.3Se2.7,0.24
Bi2Te0.45Se2.55,0.2
Bi2Te0.4Se2.6,0.7
Bi2Te0.6Se2.4,0.28
Bi2Te0.9Se2.1,0.28
Bi2Te1.2Se1.8,0.28
Bi2Te1.5Se1.5,0.29
Bi2Te2.1Se0.9,0.295
Bi2Te2.4Se0.6,0.26
Bi2Te2.7Se0.3,0.20600000000000002
Bi2Te2.97Se0.03,0.1525
Bi2Te2SO10,3.6
Bi2Te2Se,0.3
Bi2Te3,0.25
Bi2V2Se4O16,2.2
Bi2YVO8,2.09
Bi38ZnO58,2.88
Bi3F3I4O13,3.7
Bi3Ge3O10.5,3.3
Bi3In4S10,1.42
Bi3Se2NO11,3.59
Bi3TeBO9,2.6
Bi4PdSe4O12,2.06
Bi4V2O11,2.0
Bi5O7I,2.76
Bi6Cu3S10I,0.72
Bi7F11O5,4.05
Bi8Te7S5,0.4
Bi9O7.5S6,1.27
BiBr3,2.66
BiCuOS,1.07
BiCuOSe,0.82
BiFSeO3,3.83
BiFeSe3O9,2.54
BiI3,1.9315714290000001
BiIO3F2,3.97
BiOBr,2.924
BiOCl,3.455
BiOI,2.005
BiPO4,3.85
BiSBr,1.9
BiSCl,1.91
BiSI,1.5933333330000001
BiSb0.15,0.022000000000000002
BiSe,0.4
BiSeBr,1.6666666669999999
BiSeI,1.3
BiTeI,0.46
BiTeNO6,3.62
BiZn2VO6,2.4
CBr4,3.7
CI4,2.26
Ca10Ge16B6O51,5.47
Ca2CdAs2,0.95
Ca2Ge,1.0
Ca2ScSbO6,3.68
Ca2Si,1.9
Ca2SmTaO6,3.45
Ca2Sn,0.9
Ca2SnS4,2.32
Ca3B2N4,4.0
Ca3BiP3O12,4.2
Ca3La2Sn3S12,1.45
Ca3N2,1.55
Ca3Sb2,1.4
Ca3Ti2Si3O12,1.65
Ca4Bi6O13,2.76
Ca5B3O9F,6.53
Ca5Bi14O26,2.6
Ca6Bi6O15,3.34
CaB6,4.5
CaBi2O4,3.08
CaF2,9.96
CaGd2S4,2.55
CaI2,5.98
CaLa2S4,2.7
CaMg2N2,3.25
CaNd2S4,2.7
CaO,7.0034
CaPr2S4,2.9
CaS,5.5933333329999995
CaSe,4.935
CaSm2S4,2.05
CaSnO3,4.4
CaTaO2N,2.4
CaTe,4.185
CaZnOS,3.7
Cd0.01Te0.01Al0.99Sb0.99,2.21
Cd0.55Te0.55Al0.45Sb0.45,1.93
Cd0.6Te0.6Al0.4Sb0.4,1.8
Cd0.95Te0.95Al0.05Sb0.05,1.37
Cd0.99Te0.99Al0.01Sb0.01,1.6
Cd0.9Te0.9Al0.1Sb0.1,1.36
Cd12Ge17B8O58,4.29
Cd2V2Te2O11,2.48
Cd3As2,0.2695
Cd3Bi2,0.2
Cd3BiP3O12,3.9
Cd3In2S2Te4,1.23
Cd3MoTe2O10,3.81
Cd3P2,0.5555
Cd3Sb2,0.3
Cd4As2Br3,1.8633333330000001
Cd4As2I3,2.095
Cd4GdB3O10,3.8
Cd4LuB3O10,3.7
Cd4P2Br3,2.19
Cd4P2Cl3,2.205
Cd4P2I3,2.17
Cd4Sb2I3,1.83
Cd4Sb3,1.25
Cd4V3Te3O15,2.66
Cd4YB3O10,3.78
Cd5Ga2S2Te6,1.29
Cd6P7,0.85
Cd8B5O15F,3.14
CdAs2,1.066666667
CdBiO2Cl,3.08
CdBr2,4.47
CdCl2,5.75
CdCuSe2O6,3.33
CdF2,6.0
CdGa2S4,3.42
CdGa2Se4,2.376666667
CdGeAs2,0.658888889
CdGeP2,1.726666667
CdI2,3.8
CdIO3Cl,4.3
CdIO4H,4.35
CdIn,0.6
CdIn2S4,2.36
CdIn2Se4,1.608
CdIn2Te4,1.182
CdIn30Te46,1.17
CdIn8Te13,1.02
CdMoSb4O10,3.4
CdO,2.3
CdP2,2.1035
CdP2S4,3.76
CdP4,0.9995
CdS,2.534718519
CdS0.01Se0.99,1.68
CdS0.35Se0.65,1.93
CdS0.55Se0.45,2.05
CdS0.65Se0.35,2.13
CdS0.8Se0.2,2.23
CdS0.99Se0.01,2.4
CdSb,0.49694117600000004
CdSb2Se3Br2,1.4
CdSc,1.714
CdSe,1.858412
CdSiAs2,1.524
CdSiP2,2.1516666669999998
CdSnAs2,0.363333333
CdSnO3,3.0
CdSnP2,1.30625
CdTe,1.5494375
CdTeO3,3.73
CdTlS2,1.5
Ce1.3Lu0.7S3,1.25
Ce10OSe14,1.93
Ce15B8N25,3.5
Ce2Ge2Se7,1.1
Ce2GeSe5,1.7
Ce2O2FeSe2,0.64
Ce2S3,1.12
Ce2Se3,1.75
Ce2Sn3Se9,0.3
Ce2Te3,1.31
Ce2YbCuS5,1.37
Ce2YbCuSe5,1.05
Ce3LuSe6,1.1
Ce3MoO7,2.0
Ce4Ge3S12,2.3
Ce4InSbSe9,1.69
Ce4Te7,0.5
Ce8Sb2S15,1.99
CeBiW2O9,2.34
CeF3,4.85
CeFMoO4,2.52
CeIn3S6,1.11
CeMn0.5OSe,2.01
CeN,0.7
CeO2,3.41
CeScO3,3.2
CeTaN2O,1.9
Co2Te3O8,3.6
CoAs3,0.4
CoAsS,0.6
CoAsSe,0.2
CoP2,0.35
CoP3,0.45
CoPS,0.4
CoSb2,0.185
CoSb3,0.495
CoSbS,0.305
CoTe1.88,0.2
Cr2O3,3.4
Cr2S3,1.0
Cr3Se4,1.59
CrO2,0.23
CrO3,1.4
CrSb2,0.15
CrSi2,1.3
CrTe2,0.17
Cs1.13Cd1.13Bi2.87Se6,1.0
Cs1.43Cd1.43Bi2.57S6,1.28
Cs10Cd4Sn4S17,3.16
Cs2AgBiBr6,2.19
Cs2AgBiCl6,2.77
Cs2AgVS4,1.77
Cs2Al2B2O7,4.13
Cs2B4SiO9,6.53
Cs2Ba3P4O14,6.31
Cs2Bi2Cd2S5,1.7
Cs2Bi8.81La1.19S16,1.0
Cs2Cd3B16O28,4.76
Cs2Cd3Te4,2.48
Cs2CdP2Se6,2.63
Cs2Cu2Sb2S5,1.6
Cs2Cu3DyTe4,1.38
Cs2CuNbSe4,2.19
Cs2CuP3S9,2.4
Cs2Ga2S5,3.26
Cs2Ga2Se5,1.95
Cs2Hg3I8,2.56
Cs2Hg3S4,2.8
Cs2Hg4.65Cd1.35S7,1.84
Cs2Hg5.75Cd0.25S7,1.66
Cs2Hg6S7,1.63
Cs2HgI2Cl2,2.15
Cs2MgGe3Se8,2.04
Cs2MgSn3Se8,1.92
Cs2P2Se8,2.44
Cs2PdP2Se6,1.6
Cs2PdSe8,1.5
Cs2PtI6O18,2.4
Cs2Sb,0.62
Cs2Sn3Sb2S10,2.34
Cs2SnP2Se6,2.06
Cs2Ta2P2Se12,2.29
Cs2Te,3.5
Cs2TeBr6,2.12
Cs2TeI6,1.5
Cs2TiAg2S4,2.44
Cs2Zn3Se4O12,4.3
Cs2ZnGe3S8,3.332
Cs2ZnGe3Se8,2.31
Cs2ZnGe3Te8,1.07
Cs2ZnSn3Se8,2.12
Cs39Cl6Ga53Se96,2.74
Cs3As,0.6
Cs3Bi,0.625
Cs3Bi2Br9,2.5
Cs3Bi2I9,1.85
Cs3Nb2AsSe11,1.35
Cs3Nb9Te4O32,3.22
Cs3Sb,1.6
Cs3Sb2Br9,2.3
Cs3Sb2I9,1.89
Cs3Sn3F2Cl7,2.96
Cs3W3PO13,3.27
Cs4Ag9Sb4S12,2.0
Cs4BiAs3Se7,1.02
Cs4Cu3Bi9S17,0.75
Cs4GeP4Se12,2.0
Cs4In8GeSe16,2.2
Cs4Pb4Ge5S16,1.95
Cs4Ta4P4Se24,2.38
Cs4Th2P6S18,2.8
Cs4Zr3S14,2.35
Cs5BiP4Se12,1.85
Cs5P5Se12,2.17
Cs6.40Na1.60Ga8Ge38,0.221
Cs6Na2Zn4Ge42,0.297
Cs8Ga8Si38,1.14
CsAg2AsS3,2.7
CsAg2TeS6,2.04
CsAg5Te3,0.65
CsAgSb4S7,2.04
CsAsSe2,1.93
CsAu,2.3
CsB3GeO7,5.76
CsB3O5,7.42
CsBi2,0.55
CsBi3Se5,0.43
CsBiS2,1.4166666669999999
CsBiSe2,1.07
CsBr,6.99
CsCaBO3,4.065
CsCd4Ga5S12,3.09
CsCd4Ga5Se12,2.21
CsCd4Ga5Te12,1.67
CsCd4In5Se12,1.62
CsCd4In5Te12,1.42
CsCdBO3,2.58
CsCdInSe3,2.4
CsCeCdSe3,2.4
CsCeHgSe3,1.94
CsCl,7.95
CsCu2AsS3,2.3
CsCu2SbS3,1.63
CsCuSb2S4,1.7
CsDy9Cd4Se18,1.99
CsEr9Cd4Se18,2.09
CsErZnSe3,2.595
CsF,10.0
CsGaS3,3.0
CsGaSn2Se6,1.87
CsGaSnSe4,1.97
CsGdZnTe3,2.13
CsGe5BO12,4.89
CsGeI3,1.6
CsH3Se2O6,4.77
CsHgInS3,2.3
CsHo9Cd4Se18,2.06
CsI,6.356666667000001
CsInGeS4,2.25
CsInGeSe4,2.32
CsInS2,3.4
CsInSe2,2.81
CsInSn2Se6,1.78
CsInSnS4,2.9
CsInTe2,2.16
CsInTe3O8,3.9
CsKP2Se8,2.36
CsLaHgSe3,2.485
CsLiB6O10,6.89
CsLu7S11,1.86
CsLu7Se11,1.78
CsLuCoS3,1.34
CsMn4Ga5Te12,1.55
CsMn4In5Se12,1.79
CsMn4In5Te12,1.48
CsNbSe2O7,4.2
CsPSe6,1.9
CsPbPO4,4.39
CsRbP2Se8,2.41
CsSb,0.705
CsSbS2,2.8
CsSbS2O8,4.68
CsSbSe2,1.7
CsSbTe2,0.43
CsScSe2O6,5.2
CsSmCdSe3,2.46
CsSmHgSe3,2.374
CsSmZnSe3,2.53
CsTa3Se2O12,3.88
CsTb9Cd4Se18,1.95
CsTbZnTe3,2.12
CsTm9Cd4Se18,2.16
CsYCdSe3,2.56
CsYHgSe3,2.54
CsYTe3O8,3.4
CsYZnSe3,2.35
CsYbCoSe3,0.95
CsYbMnSe3,1.595
CsYbZnSe3,2.035
CsZn2B3O7,5.69
CsZn4In5Se12,1.61
CsZn4In5Te12,1.61
CsZrPSe6,2.0
Cu0.01Ga1.99Se2.99,1.99
Cu0.01In1.99Se2.99,1.45
Cu0.05Ga1.95S2.95,2.67
Cu0.05Ga1.95Se2.95,1.96
Cu0.15Ga1.85Se2.85,1.92
Cu0.15In1.85Se2.85,1.32
Cu0.1Ga1.9S2.9,2.625
Cu0.1In1.9Se2.9,1.45
Cu0.2Ga1.8S2.8,2.675
Cu0.2Ga1.8Se2.8,1.86
Cu0.2In1.8Se2.8,1.26
Cu0.35Ga1.65S2.65,2.55
Cu0.35Ga1.65Se2.65,1.81
Cu0.35In1.65Se2.65,1.19
Cu0.3Ga1.7S2.7,2.575
Cu0.3In1.7Se2.7,1.21
Cu0.4Ga1.6S2.6,2.475
Cu0.4In1.6Se2.6,1.32
Cu0.5Ga1.5S2.5,2.445
Cu0.5Ga1.5Se2.5,1.76
Cu0.5In1.5Se2.5,1.24
Cu0.5Pb1.75GeS4,1.48
Cu0.7In1.3Se2.3,1.1
Cu0.8Ga1.2Se2.2,1.58
Cu0.95In1.05Se2.05,1.07
Cu0.99Ga1.01Se2.01,1.59
Cu0.99In1.01Se2.01,1.08
Cu0.9Ga1.1Se2.1,1.5930000000000002
Cu0.9In1.1Se2.1,1.06
Cu1.8S,2.3
Cu2CdGeS4,2.05
Cu2CdGeSe4,1.2
Cu2CdSnS4,1.385
Cu2CdSnSe4,0.96
Cu2Ga4Te7,1.13
Cu2GeS3,0.53
Cu2GeSe3,0.975
Cu2In4Te7,1.1
Cu2MgGeS4,2.36
Cu2MgSiS4,3.2
Cu2O,2.613333333
Cu2P2S6,2.2
Cu2Se,1.284
Cu2SnSe3,0.765
Cu2Ta11O30,2.59
Cu2Ta4O11,2.65
Cu2Te,1.0725
Cu2Te3O8,2.64
Cu2WSe4,1.65
Cu2ZnGeS4,2.1
Cu2ZnGeSe4,1.63
Cu2ZnSiS4,3.15
Cu2ZnSiSe4,2.33
Cu2ZnSiTe4,1.47
Cu2ZnSnSe4,1.44
Cu2ZnSnTe4,1.39
Cu3AsS4,1.36
Cu3AsSe4,0.765
Cu3DySe3,0.2
Cu3DyTe3,0.34
Cu3ErTe3,0.24
Cu3GdS3,1.62
Cu3GdSe3,0.14
Cu3GdTe3,0.52
Cu3HoSe3,0.16
Cu3HoTe3,0.26
Cu3NbSe4,2.45
Cu3SbS4,0.85
Cu3SbSe4,0.355
Cu3ScSe3,0.3
Cu3SmS3,1.82
Cu3SmTe3,0.23
Cu3Ta7O19,2.47
Cu3TaS4,3.0
Cu3TbSe3,0.16
Cu3TbTe3,0.46
Cu3TmTe3,0.14
Cu3VS4,1.0
Cu3YSe3,0.88
Cu3YTe3,0.72
Cu3YbS3,1.56
Cu3YbSe3,0.2
Cu4Sn7S16,0.8
Cu5Ta11O30,2.58
CuAlS2,3.5
CuAlSe2,2.6
CuAlTe2,2.06
CuBS2,3.61
CuBiP2Se6,1.2
CuBr,2.998325
CuCd2InTe4,0.85
CuCdInSe3,1.66
CuCl,3.2555571430000003
CuFeS2,0.48666666700000005
CuFeSe2,0.155
CuFeTe2,0.16
CuGa0.4In1.6S3.5,1.55
CuGa1.6In0.4S3.5,2.15
CuGa2S3.5,2.42
CuGa2Se4,0.63
CuGa3Se5,1.8166666669999998
CuGa3Te5,1.092
CuGaGeSe4,1.38
CuGaInS3.5,1.84
CuGaO2,1.47
CuGaS2,2.442857143
CuGaSe2,1.6133333330000001
CuGaTe2,1.09
CuI,3.0264
CuIn2S3.5,1.43
CuIn3S5,1.2
CuIn3Se5,0.6
CuIn3Te5,1.1065
CuIn5S8,1.34
CuInCd2Te3,0.7
CuInGeSe4,1.3
CuInS2,1.5363333330000002
CuInSe2,0.951714286
CuInTe2,0.9159999999999999
CuN3,4.17
CuNb3O8,1.47
CuNbO3,2.0
CuNiC4N4,2.7
CuP2,1.4533333330000002
CuPbBiS3,0.12
CuPbBiSe3,0.07
CuSbS2,1.39
CuSbSe2,1.05
CuScO2,3.3
CuSmSe2,2.1
CuTlSe2,1.07
CuYO2,3.5
CuZn2InSe4,1.1
CuZn2InTe4,1.05
CuZr1.86S4,1.26
Dy2Mo3O12,1.92
Dy2O3,5.0
Dy2S3,2.955
Dy2Te3,0.69
Dy3Al0.5SiS7,2.22
Dy3GaS6,2.81
Dy4GaSbS9,2.58
Dy4S4Te3,1.43
DyAs,1.0
DyB6,3.3
DyIn3S6,1.22
DyN,2.35
DyPO4,6.38
DyTe1.40,0.6
DyTe1.45,0.6
DyTe1.7,0.35
Er2Mo3O12,1.0
Er2O3,5.42
Er2Se3,1.66
Er2Te3,0.9
Er3SmSe6,2.0
Er3Te4,0.9
ErB6,3.5
ErBiW2O9,3.26
ErIn3S6,1.28
ErN,2.7
ErSe2,1.07
ErTe,0.9
Eu1.83Ta15O32,0.23
Eu2Ga2GeS7,2.3
Eu2O3,4.5
Eu2Se3,1.02
Eu2SnSe5,1.07
Eu3As2,0.6
Eu3Bi4S9,1.18
Eu3In2P4,0.452
Eu3P2,1.2
Eu3S4,1.7
Eu3Sb4S9,1.2
Eu3Sb4Se9,1.08
Eu3Se4,0.58
Eu4Te7,0.31
Eu7Ga6Sb8,0.6
EuAl2O4,2.74
EuBi2Se4,1.02
EuBi2Te4,0.44
EuBiW2O9,3.63
EuCu2SnS4,1.85
EuDy2Se4,1.8
EuEr2Se4,1.7
EuGa2S4,2.25
EuGa2Se4,2.16
EuGa2Te4,1.7
EuH2,1.85
EuHo2Se4,1.8
EuIn2S4,1.5
EuIn2Se4,1.31
EuIn2Te4,1.22
EuIr4In2Ge4,0.26
EuLiH3,1.5
EuLu2Se4,1.7
EuN,1.25
EuO,1.119
EuS,1.661666667
EuSb2BO8,3.46
EuSb2S4,1.2
EuSb2Se4,0.95
EuSb4S7,0.98
EuSb4Te7,0.54
EuSe,3.1
EuSnTe2,0.6
EuTb2Se4,2.0
EuTe,2.0069999999999997
EuTm2Se4,1.8
EuVO4,3.35
EuYb2S4,1.6
EuYb2Se4,1.3
Fe2O3,2.2
Fe2P3B1O12,3.52
Fe2Te3,0.47
Fe2TiSi,0.4
Fe4I3O24H15,2.3
FeAsS,0.23
FeAsSe,0.6
FeI2,5.15
FeIn2Se4,1.15
FeP4,0.32
FePS,0.25
FeSc2,0.77
FeSi2,0.9159999999999999
Ga0.01Al0.99P,2.49
Ga0.01As0.01Zn0.99Se0.99,2.59
Ga0.01P0.01Zn0.99Se0.99,2.6
Ga0.01Sb0.01Cd0.99Te0.99,1.35
Ga0.01Sb0.01Zn0.99Te0.99,2.1
Ga0.05P0.05Zn0.95Se0.95,2.4
Ga0.15As0.15Zn0.85Se0.85,2.25
Ga0.1As0.1Zn0.9Se0.9,2.34
Ga0.1P0.1Zn0.9Se0.9,2.3
Ga0.25Al0.75As,2.42
Ga0.28In0.72As,0.55
Ga0.2Al0.8P,2.43
Ga0.2In0.8As,0.5
Ga0.3As0.3Zn0.7Se0.7,1.93
Ga0.3P0.3Zn0.7Se0.7,2.15
Ga0.4Al0.6As,2.3
Ga0.4Al0.6P,2.4
Ga0.4As0.4Zn0.6Se0.6,1.8
Ga0.58As0.58Zn0.42Se0.42,1.67
Ga0.5Al0.5As,2.12
Ga0.5As0.5Zn0.5Se0.5,1.52
Ga0.5In0.5As,0.75
Ga0.5P0.5Zn0.5Se0.5,2.13
Ga0.65Al0.35As,2.0
Ga0.6Al0.4P,2.35
Ga0.6In0.4As,0.81
Ga0.75As0.75Zn0.25Se0.25,1.51
Ga0.75P0.75Zn0.25Se0.25,2.18
Ga0.7Al0.3As,1.81
Ga0.7In0.3As,1.0
Ga0.85Al0.15As,1.6
Ga0.85As0.85Zn0.15Se0.15,1.47
Ga0.8Al0.2P,2.3
Ga0.8In0.2As,1.07
Ga0.8Sb0.8Cd0.2Te0.2,0.8
Ga0.8Sb0.8Zn0.2Te0.2,1.15
Ga0.95Sb0.95Cd0.05Te0.05,0.74
Ga0.95Sb0.95Hg0.05Te0.05,0.69
Ga0.95Sb0.95Zn0.05Te0.05,0.85
Ga0.99Al0.01P,2.27
Ga0.99As0.99Zn0.01Se0.01,1.39
Ga0.99In0.01As,1.4
Ga0.99P0.99Zn0.01Se0.01,2.24
Ga0.99Sb0.99Cd0.01Te0.01,0.72
Ga0.99Sb0.99Hg0.01Te0.01,0.72
Ga0.99Sb0.99Zn0.01Te0.01,0.72
Ga0.9Sb0.9Cd0.1Te0.1,0.78
Ga0.9Sb0.9Hg0.1Te0.1,0.65
Ga0.9Sb0.9Zn0.1Te0.1,1.0
Ga1.001Sb0.999Se0.003,0.705
Ga1.001Sb0.999Te0.003,0.72
Ga1.002Sb0.998Se0.006,0.698
Ga1.002Sb0.998Te0.006,0.7
Ga1.005Sb0.995Se0.015,0.64
Ga1.005Sb0.995Te0.015,0.684
Ga1.01Sb0.99Se0.03,0.62
Ga1.01Sb0.99Te0.03,0.68
Ga1.02Sb0.98Se0.06,0.63
Ga1.02Sb0.98Te0.06,0.68
Ga1.05Sb0.95Se0.15,0.66
Ga1.05Sb0.95Te0.15,0.68
Ga1.1Sb0.9Se0.3,0.67
Ga1.1Sb0.9Te0.3,0.7
Ga2GeTe3,0.845
Ga2O3,4.47
Ga2S3,2.83
Ga2Se2O7,4.61
Ga2Se3,2.07
Ga2Te3,1.4
Ga2Te3O9,4.145
GaAs,1.48194
GaAs0.01P0.99,2.23
GaAs0.01Sb0.99,1.37
GaAs0.05Sb0.95,1.28
GaAs0.15Sb0.85,1.1
GaAs0.2P0.8,2.2
GaAs0.2Sb0.8,1.02
GaAs0.3P0.7,2.16
GaAs0.4P0.6,2.1
GaAs0.5P0.5,2.0
GaAs0.65Sb0.35,0.68
GaAs0.6P0.4,1.91
GaAs0.75Sb0.25,0.65
GaAs0.7P0.3,1.8
GaAs0.7Sb0.3,0.67
GaAs0.86Sb0.14,0.66
GaAs0.8P0.2,1.62
GaAs0.99P0.01,1.37
GaAs0.99Sb0.01,0.7
GaAs0.9P0.1,1.5
GaBi,0.1
GaGeTe,1.1
GaHSeO4,5.51
GaN,3.4410000000000003
GaP,2.76
GaS,2.586515385
GaSb,0.778253333
GaSe,2.083596154
GaTc,1.42
GaTe,1.670076923
GaVTe2O8,3.0
Gd1.05Sc0.95Se3,1.2
Gd1.87Lu2.13Se6,1.56
Gd2Mn4S7,1.44
Gd2Mo3O12,4.12
Gd2O3,5.3
Gd2S3,2.55
Gd2Se3,2.2
Gd2Te3,0.74
Gd2ZrS5,1.88
Gd3.04Sc0.96S6,1.5
Gd4GaSbS9,2.41
Gd6Ge2.5S14,2.2
GdAs,0.63
GdB6,3.6
GdB66,1.27
GdH2NO5,4.84
GdIn3S6,1.13
GdN,1.54
GdSb2BO8,3.48
GdScS3,2.1
GdTe,1.3
Ge0.001Si0.999,1.09
Ge0.02Si0.98,1.08
Ge0.06Si0.94,1.06
Ge0.1Si0.9,1.04
Ge0.2Si0.8,1.1
Ge0.3Si0.7,1.0
Ge0.4Si0.6,0.94
Ge0.542Si0.458,2.238
Ge0.653Si0.347,1.9140000000000001
Ge0.6Si0.4,0.9
Ge0.774Si0.226,1.5030000000000001
Ge0.7Si0.3,0.88
Ge0.838Si0.162,1.319
Ge0.88Si0.12,0.84
Ge0.891Si0.109,1.126
Ge0.8Si0.2,0.86
Ge0.92Si0.08,0.72
Ge0.9355Si0.0645,1.042
Ge0.93Si0.07,1.042
Ge0.97Si0.03,0.67
Ge0.999Si0.001,0.65
Ge0.9Si0.1,0.8
Ge2Sb2Te5,0.5
Ge40.0Te5.3I8,0.8
GeAs,1.37
GeAs2,1.0533333329999999
GeI2,1.5
GeO2,5.5766666670000005
GeP,0.95
GeS,1.690090909
GeS2,3.56875
GeSe,1.182777778
GeSe2,2.38125
GeSe2O6,5.29
GeSi,0.88
GeSn,0.8
GeTe2,0.3
H2Ti6O13,3.4
H6PtI6O20,2.26
HfO2,5.55
HfS2,2.9
HfS3,2.916666667
HfSe2,2.2
Hg0.01Cd0.99Se,0.29
Hg0.01Zn0.99Te,2.235
Hg0.06Zn0.94Te,2.075
Hg0.08Zn0.92Te,1.9
Hg0.14Zn0.86Te,1.695
Hg0.1Cd0.9Se,0.35
Hg0.1Zn0.9Te,1.785
Hg0.25Zn0.75Te,1.31
Hg0.2Cd0.8Se,0.45
Hg0.2Zn0.8Te,1.43
Hg0.3Cd0.7Se,0.55
Hg0.4Cd0.6Se,0.7
Hg0.5Cd0.5Se,0.8
Hg0.63Cd0.37Te,0.35
Hg0.65Cd0.35Te,0.28
Hg0.6Cd0.4Se,0.95
Hg0.72Cd0.28Te,0.21
Hg0.77Cd0.23Te,0.165
Hg0.796Cd0.204Te,0.0635
Hg0.7Cd0.3Se,1.1
Hg0.7Cd0.3Te,0.31
Hg0.8Cd0.2Se,1.116666667
Hg0.8Zn0.2Te,0.075
Hg0.99Cd0.01Se,1.72
Hg0.9Cd0.1Se,1.3733333330000002
Hg2Br2,2.6
Hg2Br2Te2,2.06
Hg2Cl2,3.38
Hg2Cu3Te6O16,2.56
Hg2I2,2.37
Hg2I2Te2,1.85
Hg3PS3,1.98
Hg3PS4,2.03
Hg3S2Bi2Cl8,3.26
Hg3Te2Bi2Cl8,2.8
Hg3Te2UCl6,2.6
Hg3ZnS2Cl4,2.65
Hg4As2.5InBr3.5,1.71
Hg4As2CdI4,1.45
Hg4As2HfCl6,2.47
Hg4As2UCl6,1.9
Hg4As2ZrCl6,2.48
Hg4P2HfCl6,3.26
Hg4P2ZrCl6,3.22
Hg5AsS2I3,1.57
Hg6.5As4CdCl6,1.955
Hg6As4CdBr6,1.915
Hg6P6In2Cl9,3.13
Hg7.5As4Cl6,1.7269999999999999
Hg7InS6Cl5,2.54
Hg8As4Bi3Cl13,2.43
HgBr2,3.59
HgBrCl,3.4
HgCl2,4.45
HgCuSe2O6,3.25
HgGa2S4,2.815
HgGa2Se4,1.95
HgIn2S4,2.0
HgIn2Se4,0.6
HgIn2Te4,1.093333333
HgO,2.347
HgPS3,2.6
HgS,2.1
HgSc,0.24
HgSe,0.241666667
HgSnO3,1.6
HgTe,0.171666667
Ho2GeS5,2.5
Ho2HfS5,1.0
Ho2Mo3O12,1.375
Ho2O3,5.42
Ho2S3,0.5
HoIn3S6,1.23
HoN,1.8566666669999998
In0.01Al0.99P,2.4
In0.01P0.01Ga0.99As0.99,1.43
In0.1As0.1Ga0.9P0.9,2.25
In0.1P0.1Ga0.9As0.9,1.6
In0.2As0.2Ga0.8P0.8,2.15
In0.2P0.2Ga0.8As0.8,1.58
In0.3Al0.7P,2.3
In0.3As0.3Ga0.7P0.7,2.05
In0.3Ga0.7P,2.2
In0.3P0.3Ga0.7As0.7,1.67
In0.4Al0.6P,2.3
In0.4As0.4Ga0.6P0.6,1.85
In0.4Ga0.6P,2.05
In0.4P0.4Ga0.6As0.6,1.74
In0.5Al0.5P,2.35
In0.5As0.5Ga0.5P0.5,1.55
In0.5Ga0.5P,1.9
In0.5P0.5Ga0.5As0.5,1.75
In0.6Al0.4P,2.12
In0.6As0.6Ga0.4P0.4,1.25
In0.7Al0.3P,1.9
In0.7P0.7Ga0.3As0.3,1.58
In0.8Al0.2P,1.7
In0.8As0.8Ga0.2P0.2,0.85
In0.8P0.8Ga0.2As0.2,1.4
In0.93As0.93Cd0.07Te0.07,0.68
In0.94As0.94Cd0.06Te0.06,0.68
In0.95As0.95Cd0.05Te0.05,0.68
In0.96As0.96Cd0.04Te0.04,0.69
In0.97As0.97Cd0.03Te0.03,0.71
In0.98As0.98Cd0.02Te0.02,0.73
In0.99Al0.01P,1.3
In0.99As0.99Cd0.01Te0.01,0.76
In0.99As0.99Ga0.01P0.01,0.3
In0.99P0.99Ga0.01As0.01,1.3
In0.9Al0.1P,1.5
In0.9As0.9Cd0.1Te0.1,0.69
In0.9As0.9Ga0.1P0.1,0.45
In0.9P0.9Ga0.1As0.1,1.32
In2As2O5Cl2,4.62
In2Bi3Se7I,1.38
In2GeTe3,0.69
In2O3,2.8
In2P3B1O12,5.39
In2S3,2.0
In2Se,0.722666667
In2Se2O7,2.97
In2Se3,1.2
In2Te,0.46
In4As5O12Br3,4.22
In4S5,0.9
In4Se3,0.645
In4Te3,0.51
In5Se6,0.14
In6S7,0.845
In6Se7,0.63875
InAs,0.396785714
InAsI,0.41
InBi2S4Br,1.5
InBi2S4Cl,1.5
InBi2Se4Br,1.21
InN,2.13
InP,1.368835
InP2S4,2.585
InP2Se4,1.29
InPS4,3.12
InS,2.0125
InSb,0.220631579
InSb0.01As0.99,0.17
InSb0.1As0.9,0.14
InSb0.2As0.8,0.12
InSb0.3As0.7,0.11
InSb0.4As0.6,0.1
InSb0.5As0.5,0.1
InSb0.6As0.4,0.13
InSb0.7As0.3,0.16
InSb0.8As0.2,0.21
InSb0.99As0.01,0.35
InSb0.9As0.1,0.27
InSb2S4Br,1.8
InSb2S4Cl,1.8
InSb2Se4Br,1.35
InSe,1.254725
InSn2As2Se,0.2
InSnAsSe,0.26
Ir0.67S2,2.0
Ir0.67Se2,0.45
Ir2Sn3Se3,0.43
IrAs2,1.0
IrP2,1.05
IrS2,0.9
IrSSe,1.2
IrSe2,0.95
K0.6Cs0.4PSe6,2.1
K0.8Hg1.2Sn2S8,2.78
K1.25Pb3.5Bi7.25Se15,0.53
K1.46Sn3.09Bi7.45Se15,0.39
K1.83Cd1.83Bi2.17S6,1.37
K10Co4Sn4S17,1.555
K10Fe4Sn4S17,2.2
K10Mn4Sn4S17,2.3
K10Sn3P8Se24,1.82
K10Zn4Ge4S17,3.34
K10Zn4Sn4S17,3.15
K2.15Pb1.7Sb8.15Se15,0.6
K2Ag3Sb3S7,2.2
K2AgIn3Se6,1.64
K2AgSnSe4,1.8
K2AgVS4,1.85
K2Al2B2O7,6.89
K2Au2Sn2S6,2.3
K2Au2Sn2Se6,2.28
K2Au2SnS4,2.75
K2AuI5O15,2.65
K2AuPS4,2.63
K2Bi8Se13,0.53
K2Cd2Te3,1.93
K2Cd3S4,2.75
K2Cd3Se4,2.36
K2Cd3Te4,2.26
K2CdP2Se6,2.58
K2CeP2O8,2.46
K2CsSb,1.1
K2Cu2Sn2S6,1.47
K2Cu2Sn2Se6,1.04
K2Cu2ThS4,2.17
K2CuGa3Se6,1.72
K2CuIn3Se6,1.68
K2CuNbS4,2.82
K2CuNbSe4,2.14
K2CuVS4,1.82
K2Dy2Ti3O10,3.38
K2FeGe3Se8,1.95
K2Gd2Sb2Se9,1.33
K2Gd2Ti3O10,3.3
K2Ge3B2O10,5.38
K2Ge4Se8,1.8
K2Hg3Ge2S8,2.67
K2Hg3S1.03Se2.97,2.11
K2Hg3S2.69Se1.31,2.28
K2Hg3Sn2S8,2.45
K2HgP2Se6,2.25
K2Ho4Cu4S9,2.43
K2La2Sb2S9,2.2
K2La2Ti3O10,3.05
K2MnSn2Se6,2.0
K2MnSnSe4,1.7
K2Mo2Se2O11,3.3
K2Nd2Ti3O10,3.25
K2P2Se6,2.08
K2PbGe2S6,2.85
K2PdSe10,1.48
K2RbSb,1.2
K2ReH9,5.71
K2S,2.1
K2Sb8Se3,1.31
K2Se,1.8
K2Sm2Ti3O10,3.26
K2SmP2S7,2.59
K2Sn3Sb2S10,2.3
K2Ta15O32,0.33
K2Te,1.9
K2TeI6,1.38
K2TiCu2S4,2.04
K2ZnSn2Se6,1.71
K2ZnSn3S8,2.333333333
K2ZnTe2,3.0
K3B6O10Cl,6.89
K3Bi2I9,2.1
K3CdB5O10,3.47
K3Cr2P3S12,1.35
K3Cu3Th2S7,2.49
K3Ga3Ge7S20,3.25
K3Ga3Ge7Se20,2.23
K3NaSn3Se8,2.2
K3Nb2AsSe11,1.53
K3SmAs2S8,2.2
K3Ta2AsS11,2.21
K3Ta2AsSe11,1.45
K3Ti2P5S18,1.61
K4Ag9Sb4S12,2.0
K4Ba2Nb4S22,1.77
K4GeP4Se12,2.0
K4GeS4,0.8
K4GeSe4,0.64
K4Hf3Se14,2.02
K4In4P6Se20,2.2
K4Nb2S11,2.2433333330000003
K4P8Te4,1.4
K4Sn3Ce3S14,2.46
K5In3P6Se19,2.2
K6Cd4Sn3Se13,2.33
K6CdTe4,2.51
K6Nb1.07Ta2.93S22,1.88
K6Nb2.97Ta1.03S25,2.01
K6Yb3P5S20,2.6
K8Al8Si38,1.4
K8Ce2I18O53,2.34
K8Ga8Si38,1.18
K8Zr6Se30,1.86
K9Bi13S24,1.4
KAg11V4O16,2.0
KAg2AsS3,2.25
KAg2PS4,3.02
KAg2SbS3,2.1
KAg2SbS4,2.2
KAgAsS2,2.21
KAlGeS4,3.5
KAsSe2,1.625
KAu5PS8,2.14
KAuI4O12,2.75
KBaAsSe3,2.26
KBaB5O9,3.65
KBaSbSe3,2.04
KBi3S5,1.21
KBiCu2S3,1.29
KBiS2,0.893333333
KBiSe2,0.66
KBiSiS4,2.25
KBr,7.6
KCd4Ga5Se12,2.16
KCeSe4,1.54
KCl,8.5
KCu2SbS3,1.615
KCu3S2,1.459
KCu4AsS4,1.9
KCuThS3,2.95
KEuAsS4,1.89
KF,10.3
KFe2BiO5,1.76
KFeCuTe2,1.06
KGaSe2,2.6
KGaSnSe4,1.73
KH2PO4,6.975
KH3Se2O6,4.936666667
KI,6.1327777779999995
KIO3,3.8575
KInGeS4,3.1
KInS2,3.0
KInSe2,2.68
KInSnS4,2.3
KInTe2O6,4.0
KNb3Se2O12,3.46
KNb3Te2O12,3.52
KNbSe2O7,4.0
KPSe6,2.16
KPbB5O9,3.1
KPbPO4,4.44
KRbBi8Se13,0.64
KSb,0.9
KSb5S8,1.745
KSbS2,1.69
KSbS2O8,4.64
KSbSe2,1.47
KScSe2O6,5.4
KSi2P3,1.72
KSm2CuS4,2.17
KTa3Te2O12,4.06
KTaO3,3.5
KTbSe4,1.65
KTi2F7,6.4
KTiPO5,3.67
KUO3Cl,2.37
KV2I3O13,2.3
KYTe2O6,3.8
KZn4B3O9,2.32
KZrPSe6,2.0
La1.86Tb1.14Ga1.67S7,2.67
La10OSe14,2.04
La20Mo12O63Cl4,2.4
La2BaTe5O14,3.81
La2CoTiO6,1.02
La2CoVO6,0.41
La2Ga0.33SbS5,1.76
La2Ga2GeS8,2.78
La2Ge2Se7,1.08
La2GeSe5,1.24
La2HfS5,0.7
La2MnNiO6,1.3
La2MoO5,0.745
La2NiVO6,0.45
La2O2FeSe2,0.7
La2O2MnSe2,1.6
La2O2ZnSe2,3.4
La2O3,5.4
La2S3,2.77
La2Se3,1.773333333
La2Sr2PtO7.13,2.52
La2V2IO9,3.63
La2YbCuS5,1.45
La2YbCuSe5,1.15
La2ZrS5,2.01
La3CuGaSe7,1.36
La3CuGeSe7,2.0
La3FMo4O16,3.7
La3GaGe0.5S7,2.54
La3InGe0.5S7,2.61
La3LuSe6,1.26
La3Mg0.5SnS14,1.71
La3Sb0.33SiS7,1.92
La3Sb0.33SiSe7,1.75
La3Te4,0.43
La4Cd4In2S13,2.27
La4FeSb2S10,1.0
La4FeSb2Se10,0.85
La4InSbS9,2.07
La4InSbSe9,1.76
La5Cu6.33O4S7,2.0
La5In3S9O3,2.6
La6Sb4S3O12,2.6
La8Sb2S15,2.3
LaB6,4.1
LaBeB3O7,5.65
LaCuOS,3.12
LaCuOSe,2.83
LaCuOTe,2.31
LaF3,6.6
LaGaO3,4.4
LaGaS3,2.5
LaH2NO5,4.76
LaIn3S6,1.03
LaInS2O,2.73
LaMg2PdH7,1.0
LaNbON2,1.7
LaP,0.54
LaS1.86Se0.14,2.5
LaSb,0.8
LaSi2,0.19
LaTaN2O,2.0
LaVI5O16,3.58
LaZnAsO,1.5
Li0.2Na0.8AsSe2,1.645
Li0.5Pb1.75GeS4,1.95
Li2B12Si2,2.27
Li2B4O7,7.3
Li2B6,2.0
Li2CdGe,0.99
Li2CdGeS4,3.1
Li2CdSnS4,3.26
Li2FeGeS4,1.42
Li2FeSnS4,1.86
Li2Ga2GeS6,3.65
Li2GaGe2Se6,2.64
Li2HgGe,0.93
Li2HgGeS4,2.46
Li2HgSiS4,2.68
Li2HgSnS4,2.32
Li2In2GeS6,3.45
Li2In2GeSe6,2.3
Li2In2SiS6,3.61
Li2In2SiSe6,2.54
Li2MnGeS4,3.06
Li2MoTeO6,3.5
Li2PtO3,2.3
Li2WTeO6,4.0
Li2ZnGe,1.1
Li2ZnGeSe4,1.86
Li2ZnSnS4,2.87
Li2ZnSnSe4,1.87
Li3AlP2,2.75
Li3Bi,0.7
Li3Cs2B5O10,7.3
Li3PS4,3.68
Li3ScN2,2.9
Li4.5Al0.5TeO6,4.9
Li4.5Cr0.5TeO6,1.79
Li4.5Fe0.5TeO6,3.25
Li4.5Ga0.5TeO6,4.99
Li4.5Mn0.5TeO6,1.97
Li4Cs3B7O14,6.53
Li4HgGe2S7,2.75
Li4Rb3B7O14,6.53
Li4SrB2O6,6.67
Li6Al2Te8O22,3.63
Li6Fe2Te8O22,1.98
Li6Ga2Te8O22,3.85
Li6Mo6Se6O33,3.3
Li6Rb5B11O22,6.53
Li8GeN4,2.61
Li9Ga13Te21O66,4.45
LiAlB14,1.935
LiAsS2,1.6
LiAsSe2,1.236666667
LiB3O5,7.8433333329999995
LiBi3O4Cl2,3.35
LiBi4Nb3O12,3.0
LiBi4Ta3O12,3.5
LiBiS2,0.16
LiBr,7.725
LiCa3As2H,1.4
LiCdBO3,4.28
LiCl,9.33
LiCsCO3,6.19
LiF,11.7
LiGaGe2Se6,2.64
LiGaO2,5.6
LiGaS2,3.843333333
LiGaSe2,3.346666667
LiGaTe2,2.31
LiGd5P2O13,3.73
LiH3Se2O6,4.9
LiI,5.84
LiIO3,4.185
LiInI4O12,4.27
LiInS2,3.5733333330000003
LiInSe2,2.83
LiInSnS4,2.3
LiInTe2,1.46
LiKCO3,6.32
LiMgAs,0.7
LiMgBi,0.4
LiMgN,3.2
LiMoIO6,2.8
LiNbO3,4.066666667
LiPbB9O15,4.75
LiPbSb3S6,1.6
LiRbCO3,6.28
LiSbS2,1.36
LiSbSe2,0.68
LiSbTe2,0.129
LiSm3SiS7,2.83
LiTaO3,4.1
LiZnBO3,3.1
LiZnN,1.945
Lu2CrS4,1.75
Lu2O3,5.5
LuIn3S6,1.27
LuP,1.3
Mg2Co,0.66
Mg2Ge,1.67
Mg2GeSe4,2.02
Mg2Pb,0.09699999999999999
Mg2Si,2.27
Mg2Sn,0.272307692
Mg3As2,2.45
Mg3B50C8,2.7
Mg3N2,2.8
Mg3P2,1.4
Mg3Sb2,0.81
Mg5B3O9F,5.63
MgF2,11.1
MgGeN2,4.3
MgO,7.745
MgSe,5.743333333
MgSiN2,4.05
MgTe,3.6
Mn1.95GdIn1.05S5,1.66
Mn11Si19,0.74
Mn15Si26,0.701
Mn2.04Gd1.47In0.49S5,1.75
Mn2P2Se6,2.5
Mn3Ta2O8,1.89
MnAl3,0.58
MnF2,9.9
MnI2,4.22
MnO,3.6
MnO2,1.3
MnP4,0.28
MnSb2O4,2.65
MnSb2Se4,0.31
MnSe,2.5
MnSi,0.6
MnTe,1.3
MnTe9,2.0
MnVTe2O8,1.9
MoO3,3.6625
MoSe2,1.6
MoTe2,1.126666667
NH6PO4,6.805
NH7Se2O6,4.81
Na0.5Pb1.75GeS4,2.08
Na0.5Pb1.75GeSe4,1.6
Na0.75Eu1.625GeSe4,2.0
Na2B6O9F2,7.33
Na2BaGeS4,3.7
Na2BaGeSe4,2.25
Na2BaSnS4,3.27
Na2BaSnSe4,2.46
Na2Be4B4O11,7.3
Na2CdGe2S6,2.89
Na2CdGe2Se6,2.37
Na2CdSnS4,2.52
Na2CsSb,0.8
Na2EuGeSe4,2.0
Na2Ga2GeS6,3.29
Na2Ga2SnS6,2.245
Na2GdP2O8,4.185
Na2Ge2Se5,2.38
Na2GeIn2Se6,2.47
Na2Hg3Ge2S8,2.68
Na2Hg3S2.51Se1.49,2.03
Na2Hg3Si2S8,2.86
Na2Hg3Sn2S8,2.45
Na2In2GeS6,3.17
Na2In2SiS6,3.27
Na2In4SSe6,1.92
Na2KSb,1.05
Na2Mo2Se2O11,3.1
Na2Nb4Se4O19,3.56
Na2PtI6O18,2.4
Na2RbSb,1.0
Na2S,2.4
Na2Se,2.0
Na2Te,2.3
Na2TeS3,2.35
Na2TeSe3,1.91
Na2Ti3O7,3.51
Na2Zn3Se4O12,4.9
Na2ZnGe2S6,3.145
Na2ZnGe2Se6,2.36
Na2ZnSn2S6,2.93
Na3MoO4Cl,4.69
Na3MoO4F,4.77
Na3Sb,1.09
Na3Sn2F6Cl,3.88
Na3WO4Cl,4.99
Na3ZnB5O10,3.2
Na4MgGe2Se6,2.53
Na4MgSi2Se6,2.85
Na5GdMo4O16,3.3760000000000003
Na7.36Ga7.24Sn4.78Se24,1.5
Na7Co2O6,0.495
Na8Al8Si38,0.64
Na8CsB21O36,4.67
Na8Eu2Ge4S12,2.15
NaAlGeS4,3.6
NaAsS2,2.28
NaAsSe2,1.595
NaB15,0.32
NaBa2Cu3S5,0.45
NaBaB5O9,4.78
NaBiS2,0.41
NaBiSe2,0.316666667
NaBr,7.261666667
NaCd4P3,1.1
NaCdAsS3,2.93
NaCeS3,2.15
NaCl,8.5
NaF,10.5
NaGaGe3Se8,2.35
NaGe3P3,2.06
NaH3Se2O6,4.9
NaI,6.074
NaIn3S5,2.18
NaIn3Se5,2.17
NaInI4O12,4.25
NaInS2,1.9
NaInSe2,2.8
NaInSnS4,2.4
NaInTe2,1.6
NaInTe2O6,4.0
NaLa2TaO6,4.5
NaLaS3,2.61
NaNO2,3.06
NaNb2PS10,1.72
NaNbSe2O7,3.725
NaSb,0.82
NaSbF6,3.76
NaSbP2S6,2.21
NaSbS2,1.64
NaSbSe2,1.3866666669999999
NaSbTe2,0.47
NaScSe2O6,5.5
NaSmP2S6,2.54
NaYTe4O10,3.9
NaYbP2S6,1.85
Nb2O5,3.08
Nb6VSb3O25,3.2
NbIrSn,0.28
NbSe2,1.4
Nd1.33Lu0.67S3,1.5
Nd10OSe14,1.98
Nd2HfS5,0.7
Nd2O3,4.4
Nd2S3,2.65
Nd2Se3,1.725
Nd2Sn3Se9,0.5
Nd2Te3,1.12
Nd2YbCuS5,1.35
Nd2ZrS5,1.83
Nd3Te4,1.6
Nd4Ge3S12,2.62
Nd4InSbSe9,1.57
NdAs,1.04
NdB6,4.9
NdCuOS,2.98
NdCuOTe,2.26
NdF3,6.15
NdFMoO4,3.66
NdIn3S6,1.15
NdLuSe3,1.61
NdTe2,0.48
Ni2InVO6,1.92
Ni2Te3O8,3.84
NiC2N2,2.0
NiO,4.0
NiP2,0.51
NiS2,0.64
NiTe,0.23
OsAs2,0.91
OsAsS,1.3
OsP2,1.165
OsP4,0.5
OsPS,1.4
OsPSe,1.4
OsS2,2.0
OsSb2,0.236666667
OsSbS,1.2
OsSbSe,0.4
OsSbTe,0.05
OsTe2,0.3
P2Se3,2.4
P2Se5,2.2
PAs,0.23
PSe,2.5
Pb0.01Sn0.99Te,0.28
Pb0.59Ge0.41Te,0.49
Pb0.61Ge0.39Te,0.56
Pb0.65Se0.65Sn0.35Te0.35,0.09
Pb0.6Ge0.4Te,0.51
Pb0.72Se0.72Sn0.28Te0.28,0.12
Pb0.75Ge0.25Te,0.44
Pb0.75Sn0.25Se,0.04
Pb0.75Sn0.25Te,0.04
Pb0.77Sn0.23Te,0.044000000000000004
Pb0.7Ge0.3Se,0.4
Pb0.7Ge0.3Te,0.48
Pb0.83Sn0.17Se,0.035
Pb0.83Sn0.17Te,0.15
Pb0.85Ge0.15Te,0.36
Pb0.85Se0.85Ge0.15S0.15,0.34
Pb0.85Se0.85Ge0.15Te0.15,0.32
Pb0.85Se0.85Sn0.15Se0.15,0.22
Pb0.85Se0.85Sn0.15Te0.15,0.18
Pb0.85Sn0.15Se,0.135
Pb0.85Sn0.15Te,0.15125
Pb0.87Sn0.13Se,0.02
Pb0.8Ge0.2Se,0.35
Pb0.8Ge0.2Te,0.4
Pb0.8Se0.8Bi0.4Te0.6,0.22
Pb0.8Se0.8Ge0.2Te0.2,0.36
Pb0.8Se0.8Sn0.2Te0.2,0.14
Pb0.8Sn0.2Se,0.066
Pb0.8Sn0.2Te,0.095
Pb0.92Se0.92Sn0.08Te0.08,0.22
Pb0.92Sn0.08Se,0.059000000000000004
Pb0.92Sn0.08Te,0.145
Pb0.93Sn0.07Se,0.075
Pb0.93TeGa0.07,0.34
Pb0.93TeIn0.07,0.32
Pb0.93TeTl0.07,0.54
Pb0.94Se0.94Ge0.06Te0.06,0.28
Pb0.94Se0.94Sn0.06Se0.06,0.2
Pb0.94Sn0.06Se,0.176666667
Pb0.94Sn0.06Te,0.28
Pb0.95Ge0.05Se,0.28
Pb0.95Ge0.05Te,0.34
Pb0.95Mn0.05Te,0.37
Pb0.95Se0.95Ge0.05S0.05,0.29
Pb0.95Se0.95Sn0.05Se0.05,0.205
Pb0.95Sn0.05Se,0.12
Pb0.95Te0.95Ge0.05S0.05,0.4
Pb0.96TeGa0.04,0.37
Pb0.96TeIn0.04,0.37
Pb0.96TeTl0.04,0.57
Pb0.97Se0.97Ge0.03S0.03,0.28
Pb0.97Se0.97Sn0.03Se0.03,0.25
Pb0.97Sn0.03Te,0.255
Pb0.98Se0.98Bi0.04Te0.06,0.28
Pb0.98Te0.98Ge0.02S0.02,0.34
Pb0.995TeGa0.005,0.37
Pb0.995TeIn0.005,0.43
Pb0.995TeTl0.005,0.48
Pb0.999Se0.999Bi0.002Te0.003,0.79
Pb0.999Se0.999Sn0.001Se0.001,0.2775
Pb0.999Sn0.001Te,0.235
Pb0.999TeGa0.001,0.3
Pb0.999TeIn0.001,0.3
Pb0.999TeTl0.001,0.3
Pb0.99Ge0.01Se,0.27
Pb0.99Ge0.01Te,0.32
Pb0.99Se0.99Ge0.01Te0.01,0.23
Pb0.99Se0.99Sn0.01Se0.01,0.31
Pb0.99Sn0.01Se,0.2025
Pb0.99Sn0.01Te,0.23
Pb0.99Te0.99Ge0.01S0.01,0.32
Pb0.99TeGa0.01,0.42
Pb0.99TeIn0.01,0.53
Pb0.99TeTl0.01,0.59
Pb0.9Ge0.1Se,0.3
Pb0.9Ge0.1Te,0.35
Pb0.9Mn0.1Te,0.49
Pb0.9Se0.9Bi0.2Te0.3,0.25
Pb0.9Se0.9Ge0.1S0.1,0.32
Pb0.9Se0.9Sn0.1Se0.1,0.24
Pb0.9Sn0.1Se,0.123333333
Pb0.9Sn0.1Te,0.16
Pb10B3O13Br3,3.25
Pb14B2O14Br6,2.62
Pb17O8Cl18,3.44
Pb2B3O7.5H2,4.42
Pb2BO3Cl,3.99
Pb2BO4H,3.76
Pb2Bi5.9La2.1S14,1.0
Pb2BiS2I3,1.6
Pb2GeSe4O12,4.1
Pb2H2P2O6,3.97
Pb2MnO4,1.5
Pb2N2SeO9,3.76
Pb2Nb2Se4O15,2.79
Pb2O3,1.67
Pb2SbS2I3,2.0
Pb2V3Se5O18,3.14
Pb3B3O10N,3.64
Pb3BiP3O12,3.7
Pb3BiV3O12,2.5
Pb3Br2Se2O6,3.73
Pb3Cl4TeO3,3.79
Pb3O4,2.12
Pb4Ga5GeS12,2.35
Pb4Ga5GeSe12,1.91
Pb4Sb6Se13,0.65
Pb4V2Se6O21,3.37
Pb6B2CrO12,1.8
Pb6B2MoO12,2.9
Pb6B4O13H2,3.24
Pb6BBrO7,2.84
Pb6Sb6Se17,0.8
Pb7Bi4Se13,0.29
PbBiBO4,3.2
PbBiO2Br,2.385
PbBiO2Cl,2.45
PbBr2,3.31
PbCdP4O12,4.86
PbCl2,3.9533333330000002
PbCoO3,0.28
PbCrO4,2.25
PbCuSbS3,1.31
PbGa2GeSe6,1.96
PbGa2S4,2.38
PbGa2Se4,1.83
PbGa2SiSe6,2.17
PbGa4S7,3.08
PbGeS3,2.4
PbI2,2.534777778
PbMnIn2S5,1.45
PbN6,3.0
PbO2,1.61
PbS,0.362071429
PbSb2Se4,1.8
PbSbBS4,1.8030000000000002
PbSbO2Br,2.67
PbSbO2I,2.48
PbSe,0.239916667
PbSe0.01S0.99,0.366
PbSe0.5S0.5,0.325
PbSe0.95S0.05,0.257
PbSe0.99S0.01,0.255
PbSe0.9S0.1,0.272
PbSeO4,4.3
PbSnS3,0.975
PbTe,0.278833333
PbTe0.01Se0.99,0.256
PbTe0.05Se0.95,0.262
PbTe0.5Se0.5,0.285
PbTe0.99Se0.01,0.297
Pd3P2S8,2.12
PdI2O6,1.31
PdO,0.8
PdP2,0.65
PdPAs,0.45
PdPS,1.39
PdPSe,0.15
PdS,0.5
PdS2,0.75
PdSe,0.2
PdSe2,0.4
PdTe2,1.8
Pr1.29Lu0.71S3,1.38
Pr10OSe14,1.89
Pr2.48Tb0.52Ga1.67S7,2.61
Pr2Ge2Se7,1.32
Pr2GeSe5,1.8
Pr2S3,2.64
Pr2Se3,1.85
Pr2Sr2PtO7.07,3.05
Pr2Te3,1.32
Pr2Te4O11,3.65
Pr2YbCuS5,1.25
Pr4InSbSe9,1.89
Pr4Te7,0.46
PrAs,1.0
PrB6,4.9
PrBN2,4.0
PrCuOS,3.03
PrF3,5.6
PrFMoO4,3.64
PrIn3S6,1.14
PrLuSe3,1.56
PrO,0.55
PrSb,0.66
PrTaN2O,2.0
PrTe1.9,1.0
PrTe2,1.1540000000000001
Pt0.97S2,0.95
PtAs2,0.6166666670000001
PtP2,0.7
PtPAs,0.4
PtS,0.606666667
PtS2,0.75
PtSb2,0.11744444400000001
PtSe2,0.1
Rb1.45Pb3.1Sb7.45Se15,0.45
Rb1.54Cd1.54Bi2.46S6,1.33
Rb2AgPS4,2.6
Rb2AgVS4,1.83
Rb2BaNb2Se11,1.53
Rb2Cd3B16O28,4.76
Rb2Cd3S4,2.92
Rb2Cd3Se4,2.37
Rb2Cd3Te4,2.3
Rb2CdBr2I2,3.35
Rb2CdP2Se6,2.58
Rb2CsSb,1.5
Rb2Cu2Sb2S5,1.6
Rb2Cu2Sn2S6,1.44
Rb2Cu2Sn2Se6,1.04
Rb2Cu2SnS4,2.08
Rb2CuNbS4,2.64
Rb2CuNbSe4,2.19
Rb2CuVS4,1.85
Rb2GeB4O9,5.54
Rb2Hg3Ge2S8,2.8
Rb2Hg3Sn2S8,2.48
Rb2HgP2Se6,2.32
Rb2Mo3Se3O16,3.1
Rb2PtI6O18,2.4
Rb2Sn3Sb2S10,2.33
Rb2Te,4.5
Rb2TeBr6,2.14
Rb2TeI6,1.4
Rb2TiAg2S4,2.33
Rb2TiCu2S4,2.19
Rb2Zn3Se4O12,4.9
Rb3Ag9P4S16,2.6
Rb3Al3Ge7S20,3.1
Rb3Al3Ge7Se20,2.4
Rb3Bi2Br9,2.62
Rb3Bi2I9,1.995
Rb3CdB5O10,2.34
Rb3NaMo2O8,4.84
Rb3Nb2AsSe11,1.5
Rb3Sb,1.0
Rb3Sb2Br9,2.48
Rb3Sb2I9,1.94
Rb3Ta2AsS11,2.21
Rb3ZnB5O10,2.66
Rb4Ag9Sb4S12,2.0
Rb4Ge3B6O17,5.42
Rb4GeP4Se12,2.0
Rb4Mo5P2O22,3.51
Rb4Ti3S14,1.59
Rb5BS4O16,3.99
Rb6P3S15,2.3
Rb7Th2P6Se21,2.07
Rb8Ga8Si38,1.18
Rb9Bi13S24,1.3
RbAg2SbS4,2.3
RbAg2TeS6,2.04
RbAg5P2S8,2.4
RbBa2P5O15,7.6
RbBi3Se4Te,0.8
RbBi3Se5,0.57
RbBiS2,1.273333333
RbBiSe2,0.846666667
RbBr,7.45
RbCaBO3,3.67
RbCd4Ga5S12,3.02
RbCd4Ga5Se12,2.19
RbCd4Ga5Te12,1.64
RbCd4In5Se12,1.57
RbCdB3O6,4.2
RbCl,8.277999999999999
RbCu2AsS3,1.96
RbCu2SbS3,1.67
RbCu2VS4,1.45
RbCu4AsS4,2.15
RbCuSb2S4,1.6
RbF,10.4
RbGaSnSe4,1.88
RbGeB3O7,5.58
RbH2I3O9,4.07
RbH3Se2O6,4.84
RbHgSbTe3,0.2
RbI,6.185
RbIn5S6,2.5
RbInGeS4,3.1
RbInS2,3.3
RbInSnS4,2.7
RbInTe3O8,3.9
RbMn4Ga5Te12,1.53
RbMn4In5Se12,1.76
RbMoPO6,2.96
RbNb3Te2O12,3.49
RbNb4Br11,0.46
RbNbSe2O7,4.1
RbPSe6,2.18
RbPbPO4,4.35
RbSbS2,2.063333333
RbSbSe2,1.62
RbSbTe2,0.38
RbScSe2O6,4.9
RbTa3Te2O12,3.88
RbTbSe2,2.5
RbYTe2O6,3.6
RbYbZnSe3,2.07
RbZn4In5Se12,1.76
RbZrPSe6,2.0
ReO3,2.3
ReS2,1.143333333
ReSe2,1.07
ReSi2,0.148333333
Rh0.67S2,1.5
Rh0.67Se2,0.7
Rh2S3,0.8
RhAs2,1.15
RhP2,1.0
RhS3,1.5
RhSSe,0.7
RhSbTe,0.5
RhSe2,0.6
RhSe3,0.7
Ru2Ge3,0.43
Ru2Si3,0.57
RuAs2,0.8
RuAsS,1.2
RuP2,0.9
RuP4,0.51
RuPAs,0.8
RuPS,1.4
RuS2,1.8
RuSb2,0.3
RuSbSe,0.9
RuSbTe,0.5
RuSe2,1.0
RuTe2,0.25
Sb2O3,3.255
Sb2S3,1.709
Sb2Se3,1.1611111109999999
Sb2Te3,0.255714286
Sb3O4I,2.61
Sb5O7I,1.95
Sb8O11I2,2.72
SbI3,2.3480000000000003
SbSBr,2.2
SbSI,1.925
SbSeBr,1.855
SbSeI,1.72
SbSi,1.9
SbTeI,1.265
Sc2O3,6.1
Sc2S3,2.0
ScN,2.6
ScNiSb,0.11
ScPdSb,0.23
ScTa2O5N,2.67
ScTiNbO6,3.58
Se0.2Te0.8,0.4
Se0.4Te0.6,0.7
Se0.5Te0.5,1.0
Se0.6Te0.4,1.2
Se2B2O7,4.64
Se3Te,1.87
SeS,1.9
SeTe,1.58
Si2Te3,2.0925
Si30P16Te8,1.24
Si3N4,5.1
SiAs,1.5
SiAs2,0.88
SiB3,2.0
SiP,2.0
SiP2,1.89
SiSe2,1.73
SiSn,0.59
SiTe2,2.015
Sm1.82Lu2.18Se6,1.51
Sm2Mn3Sb4S12,1.5
Sm2O3,5.0
Sm2S3,2.98
Sm2Sc3,2.3
Sm2Se3,2.3
Sm2Sn3Se9,0.7
Sm2Te3,0.7
Sm2YbCuS5,1.28
Sm2ZrSe5,1.41
Sm3Al0.33SiS7,2.26
Sm3S3BO3,2.5
Sm3Te4,0.51
Sm4GaSbS9,2.23
Sm4InSbS9,2.13
SmAs,1.03
SmB6,3.5
SmB66,0.8
SmBiW2O9,3.39
SmCuOS,2.9
SmCuOSe,2.6
SmIn3S6,1.18
SmP,1.09
SmS,2.3
SmSb,0.59
SmSb2BO8,3.54
SmSe,0.46
SmSnTe2,0.52
SmTe,0.37799999999999995
Sn0.5GaZn3.5O6,2.99
Sn0.5GaZn4.5O7,3.0
Sn0.5GaZn5.5O8,2.99
Sn2BiS2I3,1.06
Sn2BiSI5,1.32
Sn2S,0.9
Sn2SbS2I3,1.5
Sn2WO5,2.597
Sn3As2,0.47
Sn3WO6,2.49
SnBr2,3.45
SnCl2,3.9
SnGa2GeS6,2.04
SnGa4S7,3.1
SnGa4Se7,2.55
SnGe,0.6
SnGeS3,2.23
SnI2,2.4
SnI4,2.38
SnO,3.0
SnO2,3.597
SnS,1.196727273
SnS0.01Se0.99,0.92
SnS0.25Se0.75,0.965
SnS0.4Se0.6,1.0
SnS0.8Se0.2,1.05
SnS0.99Se0.01,1.095
SnS2,2.43
SnSe,0.9916666670000001
SnSe2,1.62
SnSi,0.59
SnTe,0.33
Sr0.5TaO3,3.7
Sr2Be2B2O7,8.0
Sr2Bi5.42La2.58S14,1.0
Sr2ScSbO6,3.57
Sr2SmTaO6,3.38
Sr2TiO4,3.41
Sr2V2Se3O15,2.96
Sr2V3Se5O18,2.47
Sr3BiP3O12,4.0
Sr3EuP3O12,3.987
Sr3GeSb2Se8,0.75
Sr3Se3O8Cl,4.4
Sr3Ti2O7,3.26
Sr4Te3O8Cl4,4.0
Sr4V2Se6O21,2.66
Sr5V3O12F,4.5
Sr8.007Ge2.043Bi7.949Se24,0.74
Sr8Ga16Ge30,0.05
SrB6,3.68
SrBiO2Cl,3.52
SrCrO4,2.45
SrGe2,0.9
SrIr4In2Ge4,0.25
SrLa2S4,2.85
SrMgSnSe4,2.0
SrNd2S4,2.45
SrO,5.735
SrPb3Br8,3.2
SrPbO3,1.78
SrPr2S4,2.7
SrS,4.78
SrSe,4.42
SrSeO4,4.75
SrSnO3,4.1
SrTaO2N,1.99
SrTe,3.75
SrThP2S8,3.02
SrTiO3,3.4125
SrZnSO,3.1
SrZrS3,0.9
Ta0.67Zr1.33O0.42N2.61,1.93
Ta0.67Zr1.33O1.38N1.97,2.31
Ta0.67Zr1.33O1.89N1.63,2.48
Ta1.33Zr0.67O0.12N3.03,1.71
Ta2O5,4.2
TaGaS2,2.7430000000000003
TaGaSe2,2.0585
TaN,2.3
TaON,2.6
TaZrN3,1.72
Tb2GeS5,2.1
Tb2Mo3O12,1.505
Tb2O3,3.0
Tb4Al2O9,4.59
Tb4GaSbS9,2.44
TbClWO4,4.24
TbIn3S6,1.2
TbSb2BO8,3.53
TcS2,1.0
TcSe2,0.88
TeI,1.1
TeI4,1.1
TeO2,3.0
TeSe3,1.635
Th2GeSe2,1.98
Th2Se5,0.37
ThO2,3.4
ThOS,2.22
ThOSe,1.65
ThOTe,1.45
TiC0.9,0.3
TiCoSb,0.95
TiNiSb,0.42
TiO2,3.3
TiS2,1.95
TiS3,0.9
TiSe2,1.55
TiTe2,1.0
TiTlS2,1.0
TiTlSe2,0.56
Tl2.35Sb8.65Se14,0.6
Tl2Au2Sn2Se6,1.2
Tl2AuPS4,2.2
Tl2BiP2S7,1.8
Tl2CeP2S7,2.4
Tl2Cu2SnS4,1.4
Tl2GeTe3,0.365
Tl2Hg3S4,2.05
Tl2Hg3Se4,1.57
Tl2Hg3Te4,0.9
Tl2InGaSe4,2.05
Tl2InGaTe4,0.88
Tl2O3,2.25
Tl2PrInSe4,0.93
Tl2S,1.0
Tl2Se,0.37
Tl2SeAs2Te3,0.67
Tl2Te3,0.516
Tl2TeBr6,2.06
Tl2TeI6,1.485
Tl2TeS3,1.6
Tl3AsSe3,1.3
Tl3CuNb2Se12,0.8
Tl3TaS4,2.44
Tl3VS4,1.81
Tl4CdI6,2.8
Tl4CuTeO6,2.2
Tl4GaIn3S8,2.63
Tl4Nb2S11,1.8
Tl4Ta2S11,1.26
Tl6CuTe2O10,2.3
TlAsS2,2.185
TlAsSe2,1.375
TlBiTe2,0.12
TlBiTe3,0.5
TlBr,2.991275
TlCl,3.4182
TlCr5S2Se6,0.75
TlCr5S3Se5,0.8
TlCr5S4Se4,0.85
TlCr5S5Se3,0.89
TlCr5S6Se2,0.94
TlCr5S7Se,0.97
TlCr5S8,1.01
TlCr5SSe7,0.71
TlCr5Se8,0.67
TlCu3Lu2Se5,2.12
TlCuCl3,2.98
TlGaS2,3.4
TlGaSe2,1.65
TlGaTe2,1.8
TlHg6S4Br5,3.03
TlHg6Se4Br5,2.8
TlHgInS3,1.74
TlInGeS4,2.3
TlInS2,2.3175
TlInSe2,1.2063636359999999
TlInTe2,0.666666667
TlN,1.4
TlN3,3.58
TlPS2,1.65
TlPSe2,0.55
TlPTe,0.3
TlPrSe2,1.18
TlS,1.365
TlS2,1.8
TlSbS2,1.69
TlSbSe2,0.82
TlSbTe3,0.38
TlScS2,1.51
TlScSe2,0.79
TlScTe2,0.85
TlSe,0.7634615379999999
TlTaS3,0.78
TlTiPS5,1.3
Tm2O3,4.53
Tm4Sb2Se11.68,1.22
TmAs,1.18
UO,1.5
UO2,2.18
UP2S7,1.41
UP2S9,1.41
UY4O3S5,1.95
V2O4,0.66
V2O5,2.391666667
V3As2O9,0.76
VFeSb,0.46
VO,0.3
VO2,0.466
VTeO5H,2.51
WO3,2.8
WSe2,1.465
Y2O3,5.6
Y2S3,2.9
Y3GaS6,2.88
Y4GaSbS9,2.06
Y6ZnSi2S14,2.38
YB66,0.8
YClMoO4,3.82
YFMoO4,3.78
YH2NO5,4.83
YN,1.9
YNiSb,0.235
YPdSb,0.27
YPtSb,0.16
YVSeO10,2.7
YVTeO10,2.2
Yb2O3,5.22
Yb4Sb2S11.25,1.71
YbAs,1.02
YbB66,1.27
YbClWO4,4.23
YbGa2S4,2.3
YbGa2Se4,1.8
YbIn3S6,1.31
YbS,1.135
YbSb,1.0
YbSb2S4,1.12
YbSb2Te4,0.34
YbSb4Te7,0.22
YbSe,1.5
YbSnTe2,0.75
YbTe,1.8
Zn0.01Cd0.99Se,2.45
Zn0.01S0.01Ga0.99P0.99,2.25
Zn0.15Cd0.85Se,2.55
Zn0.2Ba2B2S5.2,3.54
Zn0.3S0.3Ga0.7P0.7,2.3
Zn0.43Cd0.57Se,2.85
Zn0.4Hg0.6Se,0.46
Zn0.55Hg0.45Se,0.8
Zn0.55S0.55Ga0.45P0.45,2.35
Zn0.5Cd0.5Se,2.95
Zn0.5Hg0.5Se,0.675
Zn0.65Hg0.35Se,1.0
Zn0.75Cd0.25Se,3.25
Zn0.75Hg0.25Se,1.4
Zn0.7S0.7Ga0.3P0.3,2.45
Zn0.85Hg0.15Se,1.8
Zn0.85S0.85Ga0.15P0.15,2.65
Zn0.8Hg0.2Se,1.4
Zn0.95S0.95Ga0.05P0.05,2.85
Zn0.99Cd0.01Se,3.65
Zn0.99Hg0.01Se,2.6
Zn0.99S0.99Ga0.01P0.01,3.7
Zn0.9Hg0.1Se,1.75
Zn0.9S0.9Ga0.1P0.1,2.8
Zn2In2S5,2.696
Zn2LiGaO4,4.0
Zn2MoSeO7,4.2
Zn2MoTeO7,4.1
Zn3As2,0.948888889
Zn3B2O6,2.6
Zn3In2S6,2.925
Zn3P2,1.175
Zn3P2S8,3.07
Zn3Sb2,0.176666667
Zn3V2TeO10,2.96
Zn4Sb3,1.1
Zn6S5Cl2,2.71
ZnAs,0.9
ZnAs2,1.026666667
ZnB12O24H10,4.6
ZnGa2Se4,1.72
ZnGeAs2,1.103333333
ZnGeN2,3.05
ZnGeP2,2.16
ZnHg3Se2Cl4,2.23
ZnI2,4.53
ZnIn2S4,2.753
ZnIn2Se4,1.955
ZnIn2Te4,1.8733333330000002
ZnMoSb2O7,3.3
ZnO,3.4028090910000004
ZnS,3.7042
ZnSb,1.083333333
ZnSe,2.77513125
ZnSiAs2,2.12
ZnSiP2,2.07
ZnSnAs2,0.703333333
ZnSnO3,3.9
ZnSnP2,1.6275
ZnSnSb2,0.35
ZnTc,2.37
ZnTe,2.288333333
ZnYBiO4,1.58
Zr3O,0.2
Zr6O,0.18
ZrC,0.6
ZrNiSb,0.55
ZrO2,4.99
ZrS2,2.75
ZrS3,2.225
ZrSe2,2.0
ZrSe3,1.45
